sensor,paper_facing_name,lineage,included_in_scaffold_sequence_analysis,sequence_length,residue_357_sequence_index,residue_436_sequence_index,sequence
AK1,AK1 intermediate,opioid/ketamine branch,True,522,G,W,ANDTVVVGSINFTEGIIVANMVAEMIEAHTDLKVVRKLNLGGENVNFEAIKRGGANNGIDIYVEYTGHGLVDILGFPEPNVYITADKQKNGIKANFKIRHNMEDGSVQLADHYQQNTPIGDGPVLLPDNHYLSTQSVLSKDPNEKRDHMVLLEFVTAAGITLGMDELYKGGTGGSMSKGEELFTGVVPILVELDGGVNGHKFSVRGEGEGDATNGKLTLKFICTTGKLPVPWPTLVTTLTYGVQCFSRYPDHMKQHDFFKSAMPEGYVQERTISFKDDGTYKTRAEVKFEGDTLVNRIELKGIDFKEDGNILGHKLEYNFPPPPSTDPEGAYETVKKEYKRKWNIVWLKPLGFNNTGTLTVKDELAKQYNLKTFSDLAKISDKLILGATMFFLEGPDGYPGLQKLYNFKFKHTKSMDMGIRYTAIDNNEVQVIDAWATDGLLVSHKLKILEDDKAFFPPYYAAPIIRQDVLDKHPELKDVLNKLANQISLEEMQKLNYKVDGEGQDPAKVAKEFLKEKGLIL
cc93,iNicSnFR3a (cc93),nicotinic/cholinergic trunk,True,522,Y,W,ANDTVVVGSINFTEGIIVANMVAEMIEAHTDLKVVRKLNLGGENVNFEAIKRGGANNGIDIYVEYTGHGLVDILGFPEPNVYITADKQKNGIKANFKIRHNMEDGSVQLADHYQQNTPIGDGPVLLPDNHYLSTQSVLSKDPNEKRDHMVLLEFVTAAGITLGMDELYKGGTGGSMSKGEELFTGVVPILVELDGGVNGHKFSVRGEGEGDATNGKLTLKFICTTGKLPVPWPTLVTTLTYGVQCFSRYPDHMKQHDFFKSAMPEGYVQERTISFKDDGTYKTRAEVKFEGDTLVNRIELKGIDFKEDGNILGHKLEYNFPPPSSTDPEGAYETVKKEYKRKWNIVWLKPLGFNNTYTLTVKDELAKQYNLKTFSDLAKISDKLILGATMFFLEGPDGYPGLQKLYNFKFKHTKSMDMGIRYTAIDNNEVQVIDAWATDGLLVSHKLKILEDDKAFFPPYYAAPIIRQDVLDKHPELKDVLNKLANQISLEEMQKLNYKVDGEGQDPAKVAKEFLKEKGLIL
Fent2 436L,iFentanylSnFR negative control,sequence outgroup negative control,False,520,T,A,ANDTVVVGSANFTEGIVANMVAEMIEAHTDLKVVRKLNLGGGNVNFEAIKRGGANNGIDIYVEYTGHGLVDILGFPEPNVYITADKQKNGIKANFKIRHNVEDGSVQLADHYQQNTPIGDGPVLLPDNHYLSTQSVLSKDPNEKRDHMVLLEFVTAAGITLGMDELYKGGTGGSMSKGEELFTGVVPILVELDGDVNGHKFSVRGEGEGDATNGKLTLKFICTTGKLPVPWPTLVTTLTYGVQCFSRYPDHMKQHDFFKSAMPEGYVQERTISFKDDGTYKTRAEVKFEGDTLVNRIELKGIDFKEDGNILGHKLEYNFPPPISTDPEGAYETVKKEYKRKWNIVWLKPLGFNNTGTLTVKDELAKQYNLKTFSDLAKISDKLILGATMFFLEAPDGYPGLQKLYNFKFKHTKSMDMGIRYTAIDNNEVQVIDALATDGLLVSHKLKILEDDKAFFPPYYAAPIIRQDVLDKHPELKDVLNKLANQISGEEMQKLNYKVDGEGQDPAKVAKEFLKEKGLI
iCytBrEtSnFR,iCyt_BrEt_SnFR,cytisine analog branch,True,521,G,W,ANDTVVVGSANFTEGIIVANMVAEMIEAHTDLKVVRKLNLGGGNVNFEAIKRGGANNGIDIYVEYTGHGLVDILGFPEPNVYITADKQKNGIKANFKIRHNVEDGSVQLADHYQQNTPIGDGPVLLPDNHYLSTQSVLSKDPNEKRDHMVLLEFVTAAGITLGMDELYKGGTGGSMSKGEELFTGVVPILVELDGGVNGHKFSVRGEGEGDATNGKLTLKFICTTGKLPVPWPTLVTTLTYGVQCFSRYPDHMKQHDFFKSAMPEGYVQERTISFKDDGTYKTRAEVKFEGDTLVNRIELKGIDFKEDGNILGHKLEYNFPPPISTDPEGAYETVKKEYKRKWNIVWLKPLGFNNTGTLTVKDELAKQYNLKTFSDLAKISDKLILGATMFFLEAPDGYPGLQKLYNFKFKHTKSMDMGIRYTAIDNNEVQVIDAWATDGLLVSHKLKILEDDKAFFPPYYAAPIIRQDVLDKHPELKDVLNKLANQISGEEMQKLNYKVDGEGQDPAKVAKEFLKEKGLI
iCytSnFR,iCytSnFR,cytisine branch,True,522,Y,W,ANDTVVVGSIIFTEGIIVANMVAEMIEAHTDLKVVRKLNLGGQGVNFEAIKRGGANNGIDIYVEYTGHGLVDILGFPEPNVYITADKQKNGIKANFKIRHNVEDGSVQLADHYQQNTPIGDGPVLLPDNHYLSTQSVLSKDPNEKRDHMVLLEFVTAAGITLGMDELYKGGTGGSMSKGEELFTGVVPILVELDGDVNGHKFSVRGEGEGDATNGKLTLKFICTTGKLPVPWPTLVTTLTYGVQCFSRYPDHMKQHDFFKSAMPEGYVQERTISFKDDGTYKTRAEVKFEGDTLVNRIELKGIDFKEDGNILGHKLEYNFPPPATTDPEGAYETVKKEYKRKWNIVWLKPLGFNNTYTLTVKDELAKQYNLKTFSDLAKISDKLILGATMWFLEGPDGYPGLQKLYNFKFKHTKSMDMGIRYTAIDNNEVQVIDAWATDGLLVSHKLKILEDDKAFFPPYYAAPIIRQDVLDKHPELKDVLNKLANQISLEEMQKLNYKVDGEGQDPAKVAKEFLKEKGLIL
iEscSnFR,iEscSnFR,escitalopram branch,True,522,Y,W,ANDTVVVGSIEFTEGIIVANMVAEMIEAHTDLKVVRKLNLGGENVNFEAIKRGGANNGIDIYVEYTGHGLVDILGFPEPNVYITADKQKNGIKANFKIRHNMEDGSVQLADHYQQNTPIGDGPVLLPDNHYLSTQSVLSKDPNEKRDHMVLLEFVTAAGITLGMDELYKGGTGGSMSKGEELFTGVVPILVELDGGVNGHKFSVRGEGEGDATNGKLTLKFICTTGKLPVPWPTLVTTLTYGVQCFSRYPDHMKQHDFFKSAMPEGYVQERTISFKDDGTYKTRAEVKFEGDTLVNRIELKGIDFKEDGNILGHKLEYNFPPPSSTDPEGAYETVKKEYKRKWNIVWLKPLGFNNTYTLSVKDELAKQYNLKTFSDLAKISDKLILGATMFFLEGPDGYPGLQKLYNFKFKHTKSMDMGIRYTAIDNNEVQVIDAWATDGLLVSHKLKILEDDKAFFPPYYAAPIIRQDVLDKHPELKDVLNKLANQISLEEMQKLNYKVDGEGQDPAKVAKEFLKEKGLIL
iFloxSnFR,iFluoxSnFR (iFloxSnFR),fluoxetine branch,True,522,Y,S,ANDTVVVGSIIFTEGIIVANMVAEMIEAHTDLKVVRKLNLGGVNVNFEAIKRGGANNGIDIYVEYTGHGLVDILGFPEPNVYITADKQKNGIKANFKIRHNMEDGSVQLADHYQQNTPIGDGPVLLPDNHYLSTQSVLSKDPNEKRDHMVLLEFVTAAGITLGMDELYKGGTGGSMSKGEELFTGVVPILVELDGGVNGHKFSVRGEGEGDATNGKLTLKFICTTGKLPVPWPTLVTTLTYGVQCFSRYPDHMKQHDFFKSAMPEGYVQERTISFKDDGTYKTRAEVKFEGDTLVNRIELKGIDFKEDGNILGHKLEYNFPPPATTDPEGAYETVKKEYKRKWNIVWLKPLGFNNTYTLTVKDELAKQYNLKTFSDLAKISDKLILGATMHFLESPDGYPGLQKLYNFKFKHTKSMDMGIRYTAIDNNEVQVIDASATDGLLVSHKLKILEDDKAFFPPYYAAPIIRQDVLDKHPELKDVLNKLANQISLEEMQKLNYKVDGEGQDPAKVAKEFLKEKGLIL
iLevaphenolSnFR1.0,iLevorphanolSnFR1.0,levorphanol branch,True,521,Y,W,ANDTVVVGSIIFTETIIVANMVAEMIEAHTDLKVVRKLNLGGVNVNFEAIKRGGANNGIDIYVEYTGHGLVDILGFPEPNVYITADKQKNGIKANFKIRHNVEDGSVQLADHYQQNTPIGDGPVLLPDNHYLSTQSVLSKDPNEKRDHMVLLEFVTAAGITLGMDELYKGGTGGSMSKGEELFTGVVPILVELDGDVNGHKFSVRGEGEGDATNGKLTLKFICTTGKLPVPWPTLVTTLTYGVQCFSRYPDHMKQHDFFKSAMPEGYVQERTISFKDDGTYKTRAEVKFEGDTLVNRIELKGIDFKEDGNILGHKLEYNFPPPATTDPEGAYETVKKEYKRKWNIVWLKPLGFNNTYTLTVKDELAKQYNLKTFSDLAKISDKLILGATMFFLEGPDGYPGLQKLYNFKFKHTKSMDMGIRYTAIDNNEVQVIDAWATDGLLVSHKLKILEDDKWFFPPYYAAPIIRQDVLDKHPELKDVLNKLANQISLEEMQKLNYKVDGEGQDPAKVAKEFLKEKGLI
L194,iSeroSnFR intermediate (L194),serotonin branch,True,521,Y,T,ANDTVVVGSINHTEQIIVANMLAEMIEAHTDLKVVRKLNLGGVNVNFEAIKRGGANNGIDIYLEYVGYGLVDILGYPEPNVYIIADKQKNGIKANFKIRYNVEDGSVQLADHYQQNTPIGDGPVLLPDNHYLSTQSVLSKDPNEKRDHMVLLEFVTAAGITLGMDELYKGGTGGSMSKGEELFTGVVPILVELDGGVNGHKFSVRGEGEGDATNGKLTLKFICTTGKLPVPWPTLVTTLTYGVQCFSRYPDHMKQHDFFKSAMPEGYVQERTISFKDDGTYKTRAEVKFEGDTLVNRIELKGIDFKEDGNILGHKLEYNFPPPGATDPEGAYETVKKEYKRKWNIVWLKPLGFNASYVLAVKDELAKQYNLKTFSDLAKISDKLILGANMMFLENPDGYPGLQKLYNFKFKHTKSMDAGIPYTAIDNNEVQVIDATATDGLLVSHKLKILEDDKAFFPPYYAAPIIRQDVLDKHPELKDVLNKLANQISLEEMQKLNYKRDGEGQDPAKVAKEFLKEKGLI
Tap1.0,iTapentadolSnFR (Tap1.0),tapentadol branch,True,521,Y,A,ANDTVVVGSIEFTEGIIVANMVAEMIEAHTDLKVVRKLNLGGENVNFEAIKRGGANNGIDIYVEYTGHGLVDILGFPEPNVYITADKQKNGIKANFKIRHNMEDGSVQLADHYQQNTPIGDGPVLLPDNHYLSTQSVLSKDPNEKRDHMVLLEFVTAAGITLGMDELYKGGTGGSMSKGEELFTGVVPILVELDGGVNGHKFSVRGEGEGDATNGKLTLKFICTTGKLPVPWPTLVTTLTYGVQCFSRYPDHMKQHDFFKSAMPEGYVQERTISFKDDGTYKTRAEVKFEGDTLVNRIELKGIDFKEDGNILGHKLEYNFPPPSSTDPEGAYETVKKEYKRKWNIVWLKPLGFNNTYTLTVKDELAKQYNLKTFSDLAKISDKLILGATMFFLEGPDGYPGLQKLYNFKFKHTKSMDMGIRYTAIDNNEVQVIDAAATDGLLVSHKLKILEDDKAFFPPYYAAPIIRQDVLDKHPELKDVLNKLANQISLEEMQKLNYKVDGEGQDPAKVAKEFLKEKGLI
V4.8.1.2,Nic-1 intermediate (V4.8.1.2),nicotinic/cholinergic trunk,True,522,Y,F,ANDTVVVGSINFTEQIIVANMVAEMIEAHTDLKVVRKLNLGGTNVNFEAIKRGGANNGIDIYVEYTGTGLVDILGYPEPNVYITADKQKNGIKANFKIRHNVEDGSVQLADHYQQNTPIGDGPVLLPDNHYLSTQSVLSKDPNEKRDHMVLLEFVTAAGITLGMDELYKGGTGGSMSKGEELFTGVVPILVELDGGVNGHKFSVRGEGEGDATNGKLTLKFICTTGKLPVPWPTLVTTLTYGVQCFSRYPDHMKQHDFFKSAMPEGYVQERTISFKDDGTYKTRAEVKFEGDTLVNRIELKGIDFKEDGNILGHKLEYNFPPPGSTDPEGAYETVKKEYKRKWNIVWLKPLGFNNTYTLAVKDELAKQYNLKTFSDLAKISDKLILGATMFFLEKPDGYPGLQKLYNFKFKHTKSMDMGIRYTAIDNNEVQVIDAFATDGLLVSHKLKILEDDKAFFPPYYAAPIIRQDVLDKHPELKDVLNKLANQISLEEMQKLNYKRDGEGQDPAKVAKEFLKEKGLIL
v4.6,iNicSnFR1 (v4.6),nicotinic/cholinergic trunk,True,522,Y,F,ANDTVVVGSINFTEQIIVANMVAEMIEAHTDLKVVRKLNLGGTNVNFEAIKRGGANNGIDIYVEYTGTGLVDILGFPEPNVYITADKQKNGIKANFKIRHNVEDGSVQLADHYQQNTPIGDGPVLLPDNHYLSTQSVLSKDPNEKRDHMVLLEFVTAAGITLGMDELYKGGTGGSMSKGEELFTGVVPILVELDGDVNGHKFSVRGEGEGDATNGKLTLKFICTTGKLPVPWPTLVTTLTYGVQCFSRYPDHMKQHDFFKSAMPEGYVQERTISFKDDGTYKTRAEVKFEGDTLVNRIELKGIDFKEDGNILGHKLEYNFPPPPSTDPEGAYETVKKEYKRKWNIVWLKPLGFNNTYTLAVKDELAKQYNLKTFSDLAKISDKLILGATMFFLEKPDGYPGLQKLYNFKFKHTKSMDMGIRYTAIDNNEVQVIDAFATDGLLVSHKLKILEDDKHFFPPYYAAPIIRQDVLDKHPELKDVLNKLANQISDEEMQKLNYKVDGEGQDPAKVAKEFLKEKGLIL
V6,Nic-2 intermediate (V6),nicotinic/cholinergic trunk,True,522,Y,W,ANDTVVVGSINFTEQIIVANMVAEMIEAHTDLKVVRKLNLGGTNVNFEAIKRGGANNGIDIYVEYTGHGLVDILGFPEPNVYITADKQKNGIKANFKIRHNVEDGSVQLADHYQQNTPIGDGPVLLPDNHYLSTQSVLSKDPNEKRDHMVLLEFVTAAGITLGMDELYKGGTGGSMSKGEELFTGVVPILVELDGDVNGHKFSVRGEGEGDATNGKLTLKFICTTGKLPVPWPTLVTTLTYGVQCFSRYPDHMKQHDFFKSAMPEGYVQERTISFKDDGTYKTRAEVKFEGDTLVNRIELKGIDFKEDGNILGHKLEYNFPPPGSTDPEGAYETVKKEYKRKWNIVWLKPLGFNNTYTLAVKDELAKQYNLKTFSDLAKISDKLILGATMFFLEKPDGYPGLQKLYNFKFKHTKSMDMGIRYTAIDNNEVQVIDAWATDGLLVSHKLKILEDDKAFFPPYYAAPIIRQDVLDKHPELKDVLNKLANQISLEEMQKLNYKVDGEGQDPAKVAKEFLKEKGLIL
V7,iNicSnFR3b (V7),nicotinic/cholinergic trunk,True,522,Y,W,ANDTVVVGSIEFTEGIIVANMVAEMIEAHTDLKVVRKLNLGGENVNFEAIKRGGANNGIDIYVEYTGHGLVDILGFPEPNVYITADKQKNGIKANFKIRHNMEDGSVQLADHYQQNTPIGDGPVLLPDNHYLSTQSVLSKDPNEKRDHMVLLEFVTAAGITLGMDELYKGGTGGSMSKGEELFTGVVPILVELDGGVNGHKFSVRGEGEGDATNGKLTLKFICTTGKLPVPWPTLVTTLTYGVQCFSRYPDHMKQHDFFKSAMPEGYVQERTISFKDDGTYKTRAEVKFEGDTLVNRIELKGIDFKEDGNILGHKLEYNFPPPSSTDPEGAYETVKKEYKRKWNIVWLKPLGFNNTYTLTVKDELAKQYNLKTFSDLAKISDKLILGATMFFLEGPDGYPGLQKLYNFKFKHTKSMDMGIRYTAIDNNEVQVIDAWATDGLLVSHKLKILEDDKAFFPPYYAAPIIRQDVLDKHPELKDVLNKLANQISLEEMQKLNYKVDGEGQDPAKVAKEFLKEKGLIL
V7.1,ACh-1 intermediate (V7.1),acetylcholine branch,True,522,Y,W,ANDTVVVGSIEFTEGIIVANMVAEMIEAHTDLKVVRKLNLGGVNVNFEAIKRGGANNGIDIYVEYTGHGLVDILGFPEPNVYITADKQKNGIKANFKIRHNMEDGSVQLADHYQQNTPIGDGPVLLPDNHYLSTQSVLSKDPNEKRDHMVLLEFVTAAGITLGMDELYKGGTGGSMSKGEELFTGVVPILVELDGGVNGHKFSVRGEGEGDATNGKLTLKFICTTGKLPVPWPTLVTTLTYGVQCFSRYPDHMKQHDFFKSAMPEGYVQERTISFKDDGTYKTRAEVKFEGDTLVNRIELKGIDFKEDGNILGHKLEYNFPPPSSTDPEGAYETVKKEYKRKWNIVWLKPLGFNNTYTLTVKDELAKQYNLKTFSDLAKISDKLILGATMFFLEGPDGYPGLQKLYNFKFKHTKSMDMGIRYTAIDNNEVQVIDAWATDGLLVSHKLKILEDDKAFFPPYYAAPIIRQDVLDKHPELKDVLNKLANQISLEEMQKLNYKVDGEGQDPAKVAKEFLKEKGLIL
V7.1.2,ACh-2 intermediate (V7.1.2),acetylcholine branch,True,522,Y,W,ANDTVVVGSIEFTEGIIVANMVAEMIEAHTDLKVVRKLNLGGVNVNFEAIKRGGANNGIDIYVEYTGTGLVDILGFPEPNVYITADKQKNGIKANFKIRHNMEDGSVQLADHYQQNTPIGDGPVLLPDNHYLSTQSVLSKDPNEKRDHMVLLEFVTAAGITLGMDELYKGGTGGSMSKGEELFTGVVPILVELDGGVNGHKFSVRGEGEGDATNGKLTLKFICTTGKLPVPWPTLVTTLTYGVQCFSRYPDHMKQHDFFKSAMPEGYVQERTISFKDDGTYKTRAEVKFEGDTLVNRIELKGIDFKEDGNILGHKLEYNFPPPSSTDPEGAYETVKKEYKRKWNIVWLKPLGFNNTYTLTVKDELAKQYNLKTFSDLAKISDKLILGATMFFLEGPDGYPGLQKLYNFKFKHTKSMDMGIRYTAIDNNEVQVIDAWATDGLLVSHKLKILEDDKAFFPPYYAAPIIRQDVLDKHPELKDVLNKLANQISLEEMQKLNYKVDGEGQDPAKVAKEFLKEKGLIL
V8,ACh-3 intermediate (V8),acetylcholine branch,True,522,Y,W,ANDTVVVGSIIFTEGIIVANMVAEMIEAHTDLKVVRKLNLGGVNVNFEAIKRGGANNGIDIYVEYTGHGLVDILGFPEPNVYITADKQKNGIKANFKIRHNMEDGSVQLADHYQQNTPIGDGPVLLPDNHYLSTQSVLSKDPNEKRDHMVLLEFVTAAGITLGMDELYKGGTGGSMSKGEELFTGVVPILVELDGGVNGHKFSVRGEGEGDATNGKLTLKFICTTGKLPVPWPTLVTTLTYGVQCFSRYPDHMKQHDFFKSAMPEGYVQERTISFKDDGTYKTRAEVKFEGDTLVNRIELKGIDFKEDGNILGHKLEYNFPPPSSTDPEGAYETVKKEYKRKWNIVWLKPLGFNNTYTLTVKDELAKQYNLKTFSDLAKISDKLILGATMFFLEGPDGYPGLQKLYNFKFKHTKSMDMGIRYTAIDNNEVQVIDAWATDGLLVSHKLKILEDDKAFFPPYYAAPIIRQDVLDKHPELKDVLNKLANQISLEEMQKLNYKVDGEGQDPAKVAKEFLKEKGLIL
V9,iAChSnFR (V9),acetylcholine branch,True,522,Y,W,ANDTVVVGSIIFTEGIIVANMVAEMIEAHTDLKVVRKLNLGGVNVNFEAIKRGGANNGIDIYVEYTGHGLVDILGFPEPNVYITADKQKNGIKANFKIRHNVEDGSVQLADHYQQNTPIGDGPVLLPDNHYLSTQSVLSKDPNEKRDHMVLLEFVTAAGITLGMDELYKGGTGGSMSKGEELFTGVVPILVELDGGVNGHKFSVRGEGEGDATNGKLTLKFICTTGKLPVPWPTLVTTLTYGVQCFSRYPDHMKQHDFFKSAMPEGYVQERTISFKDDGTYKTRAEVKFEGDTLVNRIELKGIDFKEDGNILGHKLEYNFPPPATTDPEGAYETVKKEYKRKWNIVWLKPLGFNNTYTLTVKDELAKQYNLKTFSDLAKISDKLILGATMFFLEGPDGYPGLQKLYNFKFKHTKSMDMGIRYTAIDNNEVQVIDAWATDGLLVSHKLKILEDDKAFFPPYYAAPIIRQDVLDKHPELKDVLNKLANQISLEEMQKLNYKVDGEGQDPAKVAKEFLKEKGLIL
